F,CAT,DIS,MCD,KO,PEP,WMT,C,WFC,JPM,AAPL,IBM,PFE,JNJ,XOM,MRO,ED,T,VZ,NEM
0.0882899628573861,0.0569536424362735,0.0642666667706005,0.00269111928392625,-0.0148635128774664,-0.0144687265291896,-0.0127175369149647,0.0851387306997316,0.0500725689305135,0.0710656469088569,0.0429629628633401,-0.00728736157443182,-0.00323475055943454,-0.0114364134645703,0.00424728644426964,0.0485138367178486,-0.0472352086555878,-0.00396825387334991,-0.0321535393930708,0.0326612229968799
0.0281810418722414,0.0701754385526148,-0.0378351291213497,-0.00248508938966937,-0.0281444942259722,-0.0151399296121675,0.00915254242064344,0.0767075307595743,0.0231513477062655,0.0158371042150274,-0.00613162863142653,-0.0185164893292686,0.012517385065606,0.00663273164950197,-0.00281954877014003,-0.0071684586861118,0.00135363781914673,0.0131401614457334,0.0153926427516761,0.0229143134583251
0.045681063131413,0.0353833785403516,0.0236979167454068,0.0138515196714745,0.0164203609623599,0.0291925465449223,0.0246892844581164,-0.03578399494745,0.0314083080822711,0.040089086843768,0.00116719450806793,0.0522438039755646,0.00274725283070077,0.000153233307121179,0.0307492930328843,0.0515260912236176,-0.0070969922728442,0.0146325243193435,0.00128468664101817,-0.0649944787296782
-0.0262112788175051,0.05338886781373,-0.00152632928866135,-0.0299783762122704,-0.00954618865661038,-0.00709112844734508,-0.00491722668870424,0.0414979759044274,-0.0307793058568675,-0.00401498920071413,0.0641922436813881,0.0102906853466599,-0.0191780822117602,0.00444308253570616,-0.0189735970070526,-0.0249687889691538,0.00221238937958259,-0.04424778762232,-0.0451629459068637,0.0377931501340279
0.0474920476391775,0.0238936664444953,0.0190982804033428,0.0133652152489151,0.00947991684378446,0.0129059702011872,0.0217327113851873,0.0868213743503599,0.0389417191505669,0.0287457107078604,0.0277131265088634,0.0166864192848899,-0.00285616468802971,0.00121025621675246,-0.0106123534450826,0.0339208577489342,-0.00119865671858462,0.0270819067153692,0.0169209325435332,-0.00813875966173007
-0.027375129102892,-0.0192306424630066,0.0362399999713907,-0.00540946000905402,-0.00206640430310896,-0.0406640654314802,-0.00210576013022472,-0.0183463151206389,-0.012089660316482,-0.017512612251986,0.0733888862428353,-0.00244782345567395,-0.00708547171705141,-0.0158539974429679,-0.00776286360928657,0.0263057895382863,0.00526031629854579,-0.00368278814395931,-0.00397405918014153,-0.0227931502677583
0.0249096144291867,0.0196768009197236,0.00722763570911744,0.00521770686948483,0.0163279452241253,-0.0198692651397917,0.00935995155485355,-0.000161860156069332,0.0274189490330095,0.0228562589206238,0.0176220374945537,0.00518696494682065,0.00664083167992675,0.00602715161065461,0.0217083769736707,0.0239455041972021,-0.0110943548195725,0.00568705078400663,0.0204198221941208,-0.00286139222223606
-0.040794314008412,0.0179803466013505,-0.0105489222294674,0.00329032992539039,-0.000734112839439549,0.0100410529407483,-0.059068898931621,-0.0173247022176929,-0.0292798617331142,-0.00494891346664481,0.0403986673313679,0.0224282177109634,-0.000481920986226829,0.00060547928581986,0.0200787643589603,0.0367089813371747,0.0167517073065985,0.0109863346015814,-0.0083303328233673,0.0514618250786951
0.0400554125889198,-0.030268620662517,0.0254075743207361,-0.00122575275453657,0.00259869569511247,-0.00440798767548827,0.00373213307178335,0.0540858268052878,0.0364379790143422,0.0613797596734269,0.0435764550773759,0.00529946560823235,0.0108493011031571,0.00479918398670673,-0.0115740028096795,-0.042569268857948,-0.00901747791637432,0.0174586883807956,0.0138861721198875,-0.0568009133062455
-0.0110162889939305,-0.0201895715730835,-0.00284286114082169,-0.0267436682958287,0.0047601648084204,0.0100667753437228,0.0248936036243031,0.00292255117707038,0.0121383375570849,0.00983494212547374,-2.83425746567912e-05,0.00909416992457156,0.00325950039402193,-0.000473177349812051,-0.0235244213918097,-0.00537992838410448,0.00136197742443473,0.0100321119383007,0.0111097309662686,-0.0352881548481515
-0.00557438795756885,0.0304744855866711,0.0224805303592912,0.00845757539486753,0.0166688465477563,0.020892612883932,0.0126398002481626,0.0727970175673664,0.0704258812216785,0.0862683328751309,0.074095324927956,0.0268567131313157,0.0214052703385599,0.00585963238300039,0.0253755279797255,0.0380823815161928,-0.0131971895692719,0.0131394551337419,0.0120104603518502,-0.0490093259377445
-0.01519784972967,-0.0506351100701406,0.0106406135073868,-0.0216155703517148,0.0189466704007547,0.0128642049962873,-0.00148928980902502,0.0121186454928377,-0.00766639832177755,0.0132276037620075,0.0178870917680786,-0.00258269035611109,-0.00547946251461205,-0.00876307126395887,-0.0103061592729824,-0.0621307743642198,-0.00851399175612825,-0.00222589131955802,-0.00380075055289074,-0.00800999999030155
0.0125711688202221,-0.0121587526113267,0.00296823597798896,0.0266775980530023,0.0352396852011032,0.016069632505625,0.0073974073159965,-0.0157633322804237,0.0181826631130504,0.0181476617645621,0.00586199058135807,0.0154172923350114,0.0377993493206285,0.0218335321059808,0.0137831034753239,-0.0234234319587729,0.0225700805852121,-0.0092105077157186,-0.0301977218211836,-0.0384571117262219
-0.000410801504844454,-0.00611214041262806,-0.0159990361812467,0.00529071357773042,-0.00730631122688506,-0.00302431803474792,-0.00867013080551526,-0.0481632150192523,-0.0120193730454846,-0.0293082475636158,0.0569160278269031,-0.0152508338846127,-0.0134787567910205,-0.00940963613652835,-0.0220323682791548,-0.0366030600611659,-0.00411818210165276,0.00479307406536163,-0.00184102290560333,-0.0690562259917349
-0.0441158540630453,0.000178910825332977,-0.0285615319784093,-0.0167408861910674,-0.0208348265448388,-0.0164877022007893,-0.0148443495805807,-0.0396765705880748,-0.0263960067062958,-0.0254948894163492,-0.0449064777648566,-0.0130045981865924,-0.0219437510998215,-0.0275582094396983,-0.0220566871210197,-0.0275149115101601,-0.00740085605692879,-0.012938248024875,-0.0106313487278834,0.0198936246961811
-0.0427952348897247,0.0217256249040785,0.0119374314815314,-0.0106318419125571,0.03043203512394,0.0241215708542681,0.0448285476459835,0.014356955793812,0.00486210729367201,-0.0113499677230477,-0.0532955277001077,-0.0157890922791588,0.032484279328761,0.00266548017193574,0.0283203195276401,-0.00775410759411981,0.0148817750799053,0.010468061483275,0.0394424957270581,-0.0293855135723197
0.0166420594952292,-0.0294354153211922,0.0236027507269391,0.014999380978029,0.0337145377318277,-0.00796437481222303,-0.0547738109700559,-0.0115178194039219,0.0233233332656149,0.0145031086736976,0.0523827535579242,0.0361122443357292,0.0230396450469937,0.0177266189696804,0.00913419692413475,0.00813387510129597,0.0119333542233798,0.0586419763991738,0.0387196669114521,0.0129000529953278
-0.0761151638199596,-0.0585509869667502,-0.00970858127120568,-0.0155262641402143,0.00480839637574922,-0.00304571863228271,-0.00561037779635532,-0.0564459981552939,-0.0155230760046145,-0.0367066637556442,-0.0626236483457918,-0.00882034806581446,-0.0303492893312908,-0.00156225782935598,-0.0175618215174155,-0.0979668193224857,0.00116023955215759,0.00579573321341929,0.000725712362445508,-0.0355402674886327
-0.00845486409911098,-0.0298859082004139,0.0612425202584731,-0.0414302430973693,0.00608389620539262,0.0136370560772087,0.0190622180904829,-0.0712225315831986,0.00845714216596118,-0.114750538912511,0.00256292792207952,-0.0145148916000927,0.021962123134491,-0.00619856043181099,-0.0106409177091003,-0.0231543281467037,0.00722149533339546,0.0221954596600728,0.0223346944108995,-0.0173510225515325
-0.0538952362968065,-0.0714336125808302,-0.0384308867299923,-0.0223268553127805,-0.0441661211850718,0.019740479096063,0.0506363446767123,-0.113818977889583,-0.0711698047440851,-0.0939052811825119,-0.0641268624836209,-0.0263161674654641,-0.00355200900042635,-0.0154070066052975,-0.0196349217491557,-0.0721673373852849,-0.00902497846514475,0.0020639534564365,0.0089693099460838,0.00483008809369003
0.0589210590116148,0.0141883896940045,0.0157298288415061,0.0133355927568226,0.0159151790011829,0.00761358774428164,0.0461116675635948,0.0176655058631352,0.0297149706490027,0.000278596429666765,0.060144410417391,-0.00808616320301008,-0.0195149046176507,-0.00374065721683341,0.0074674185617866,0.0480529383092031,0.016001816973509,0.000871265553969579,-0.00194631835176119,0.0710638088305225
-0.0452930188728506,-0.0491538737029364,-0.0022571908513293,-0.0402143566805074,-0.0284560987610597,-0.0087234910404887,0.00366478168558016,-0.040810906731774,-0.0533684431541864,-0.0468756715009737,-0.00232197426280232,-0.0268756716435749,-0.0221518889557179,-0.0116881316055648,-0.0506922611396132,-0.0553678488327848,0.0113974818207047,0.00622330374274475,-0.0101426900573864,0.0303054443929063
0.0533496837539326,0.0243117960433063,0.0414314414453752,0.0119840029821641,0.0294057888180621,0.0118400961351667,0.040722265603321,0.0937276919772597,0.0420987535806626,0.0547973911411142,0.0344469422650503,0.0320399259947472,0.0230953601710569,0.0194137616978749,0.0374643327038332,0.0477087103541691,0.0323336722283525,0.0191640411502697,0.034355098703903,0.00655063616981056
-0.0290906754142791,-0.00765840182055898,0.0183723529112041,0.0313290314107374,0.0181925452036794,0.0171177998688895,-0.00689947534393758,0.0194354447473496,0.0324430699869725,0.0400731354420083,-0.0106765288910021,0.0202831231330028,0.0212185459722867,0.0481005113120837,0.0294308707655396,-0.00640232909059577,0.0138074807908153,0.0335645295787424,0.026144571276603,-1e-05
-0.0154689372408127,-0.0226719117920585,0.00805965382794724,-0.0237669061039532,-0.0151236808926005,-0.0112362521327659,-0.00665206640805979,-0.011313426485339,0.0110839908794037,0.027395081318206,0.0138718735377767,-0.0271320495978978,0.00507624467100371,0.00938251640838222,-0.0133481398123813,-0.045446268678873,-0.025366576863363,-0.0151318146304378,0.00917484513750394,-0.0461516069750278
-0.0588912560519316,-0.000598512334386291,0.0216879144915127,0.00202735138888072,0.043358027596609,0.0285198398424054,0.035948395195392,-0.0207316862206196,0.0191914629144422,-0.00723422911656422,0.00325404395800683,0.00969573081828848,0.012091210114017,0.0139476766412896,0.0421285944692344,0.0770750884916683,0.0112095123010032,0.0139223287708966,0.0111390328266317,0.0114578898210903
-0.00939477593205745,-0.00354315275138645,-0.00949453625024299,0.0127540348144866,-0.000521574237966954,-0.00623700265944324,0.0235126621608776,-0.0383171873913161,-0.0116726791772424,-0.0432944998287927,0.0374557533464198,-0.0213311982927615,-0.0200099996649323,0.00117413265497432,-0.00900848069217056,-0.0238660813549147,-0.000813987804139493,0.00615937752733514,0.010791080263317,-0.0123785836031493
-0.0242205262854034,-0.0300300921810517,0.0031123981159122,0.0293230359749502,-0.0111424376737404,0.00269578197526381,0.0254944842196662,0.010991517401348,0.0260111798226163,0.0640017992436397,-0.00151194753855701,-0.0282216925673609,0.0119687044366455,0.0143306268710096,0.00789094332744513,-0.00361576916608138,0.0205886481733893,-0.00254950335941789,0.0177747816415011,-0.0365368213119673
-0.00648249185975964,-0.00744137994063978,0.00829047735670582,-0.00770314124339652,-0.00324498980011872,-0.00647215033005591,-0.0127183901947288,-0.0292782923399844,-0.00295898253799896,-0.0601707983004915,-0.00111749295635969,0.0346117945967115,0.0390079744827588,0.000281502661893365,0.00560600570466348,0.0671391758550655,0.00550876377264649,-0.00170731257058704,-0.0159356803726601,-0.021890415924547
-0.0228113029605148,0.064350716402982,0.0276705927023929,-0.0261074012231907,0.0386762263721016,0.0329397533314059,0.0314086851835463,0.0552663819055485,0.00989831111103878,0.0881905898553391,-0.0316830100098418,0.0204628498945801,0.00526426141472146,0.0129580897478963,0.0174420068739938,0.0184526979015545,0.0177099310848616,0.0524127827252723,0.00920555422163939,-0.0138527462531429
0.0154851034539622,-0.0132411977710158,-0.00331429566142663,0.00447480783020977,0.0102387187570217,0.00843173821096986,0.000392576437482916,0.00403637344538787,0.00570093869297812,-0.0216960937569533,0.052180853702762,0.0108357662293759,0.0284527276425494,-0.0057637399195916,0.00113351069761196,-0.0114787386439342,-0.00370799699419911,0.0118370649160152,-0.00980955475947001,0.00324659733930383
0.028592860185335,0.0460967984567785,-0.00242109097681334,-0.015525124474233,-0.025248154025583,-0.0101650707123212,-0.00639323278422024,0.0547345255926775,-0.00845306799196769,0.0243734857212911,0.0140457757059385,0.00815598025793519,-0.0140132948649848,-0.00695444446431787,0.0166839008090967,0.0441516766890417,-0.0122277543650899,-0.00240489087465712,0.00313889803816648,0.0628957533677714
0.0299365240749047,0.0120205824034641,0.0163041993829251,-0.00953380958247313,0.00341683075043069,0.0174584597489138,-0.0229470249185307,0.00448827009911764,0.00590191258890478,0.000260489628466992,0.042470295929875,0.00967437938655074,-0.00627566449954205,-0.0122477623154085,-0.000462283973297356,-0.0226529566722537,-0.0250669949340142,-0.00854560929098368,-0.0121176233415341,-0.00674967997045837
-0.014547902328468,-0.0282290867105203,-0.0178459096412895,0.0178471428330012,-0.0268250770627706,-0.00450652541433796,0.00165689811163387,0.0275476988063688,0.000283858364480855,0.00512791225583973,0.0233070295638076,-0.0171554127136758,0.00923758312053494,0.00603719778315821,-0.00396927605169168,0.0272962730981791,-0.00422530485723138,-0.00592875173634214,-0.0202097277673587,0.0438831298464964
-0.0158161116869369,-0.0244755311492252,-0.00182598065229857,0.0143426147170153,-0.0278238812379761,-0.00863304948020936,0.0067851740367469,-0.0040327956527585,-0.000303772037110499,-0.000817102319008144,0.00303272178125772,-0.0147746254343051,-0.00625739676064783,-0.00252479297200837,-0.00852788765562562,-0.000728390924312845,-0.0130350732631865,-0.0083997158621307,-0.00533777388511378,0.0294435851666109
0.0856331048722743,0.0324422056302422,0.0458663958151483,0.0170768823598666,0.0133489839605786,0.00290292462935058,0.0167844077287626,0.0794145336321864,0.0284842610134926,0.0581383196757003,0.0228288965956596,0.0238445111934955,0.0159062361420421,0.00665358740588668,0.029991454834123,0.0283768365447023,0.000144962068769509,0.0179931006052364,0.0181448812341017,0.0271249582985897
0.0384415385137409,0.0575282406683191,0.0117697178751493,0.00745088547389512,0.012615114782607,-0.0227661858357733,0.00919159570328232,0.0847944682937524,0.0322657140828083,0.0577408145132796,0.0159108682326012,0.0366216039855644,-0.018171814889912,0.00867180909671153,0.0264479715719869,0.0866629780692991,-0.0135446577772056,-0.00109238616458616,0.0185069899734652,0.106577020850077
-0.0123656790284813,-0.0155829495617406,0.0074298567579304,0.0218993020890165,-0.00238096566004239,0.00125732053036718,-0.000691140873793944,-0.0322131588120774,-0.0321262826890173,-0.0166185086444111,0.01273170700433,-0.0040333455267814,0.0300220168791851,0.00859691253792867,-0.0041370097711326,-0.00999105183935257,-0.0118909245000577,0.0219875146462509,0.0249070155759412,-0.0155794407134128
-0.0519430769640261,-0.0619476056606224,-0.00874203276685424,-0.020935590583317,-0.0026495027994907,0.00309835582523999,-0.00875069180120242,-0.0282350283541807,-0.0126022135053233,-0.00980473593597994,-0.0471421762466702,0.00711661489551089,0.0136451028123327,-0.00219202432072437,-0.00513314184720681,-0.039331240943381,0.013347174266395,-0.00999899137791812,-0.00155374240529356,-0.00525885619990983
0.0304059634718563,-0.0071097257044948,0.0131781637628629,-0.00819438694568912,0.0171168307683972,0.00464299270399548,0.018001680210044,0.0626328119711441,0.0379180251181436,0.0379306131888658,-0.0217781940701976,0.0151161775737609,0.026941770742187,0.0107186446240636,0.0120084308278978,-0.00103454174647143,0.00549010178035039,0.0158951191938661,0.0437588018996253,-0.00296563971679705
-0.00395700782262486,-0.0305713286600618,-0.0449510930043734,0.016573406635391,-0.00909205789176835,-0.0147879324282218,0.00903097838761122,-0.000595208584415513,-0.0443838392701688,-0.00217775580621539,-0.035074168693712,-0.0132684922393769,-0.015693981104748,-0.0241406029816295,-0.0164435549165078,-0.00543638471375053,-0.006496253724708,-0.0589212149260594,-0.0516671839488408,-0.0163136435833213
0.00589897234037201,0.0186159705113657,0.0258744454644907,-0.040988544030579,-0.02173069844,-0.00244683804103006,-0.00252626574892542,0.0693325180029958,0.00260773726368714,0.0167988370453603,-0.0315803591905108,-0.0695098944831652,0.0254577066735711,0.0572111312668475,0.0122836361916282,0.0411644794883957,0.0106769748001633,-0.00872053347292651,0.0120821964729715,-0.000748067026655013
0.017671725780318,0.00463060826051713,-0.0350874372907279,-0.0226755455539076,-0.00964566837512461,-0.012899221516425,-0.00676424746497804,-0.015089967638354,-0.0107946070254425,-0.027430207994574,-0.00959628234155584,-0.000485452825692732,-0.0128305586838103,-0.0133793097973116,-0.0166233641161192,-0.0222494868302894,-0.00828856302255396,-0.019555673568255,-0.00954170067451607,-0.0289817486981576
0.082995907683103,0.0182589317474543,-0.00441297127701258,0.00170990428402248,0.00105991338851557,0.000994786834837249,-0.0311743070238699,0.0275731084224124,-0.00679068010896032,0.0305922450281299,-0.0450531125224639,0.000807857483806122,-0.0346247978523032,-2e-05,-0.00388228195965954,0.00131734522058015,-0.0128597531771477,0.00864300863421374,-0.0047148355534411,-0.0857450046643792
-0.0215061236172874,-0.00981135103370796,-0.0561772403763095,-0.0244270917950345,-0.021325285812384,-0.00291645177105119,-0.00634128621913242,-0.0444348936214602,-0.0348078939464252,-0.0424528146160345,-0.0470761097213726,-0.0152542386002899,-0.00653731128329673,-0.0145475034115983,-0.02767337471299,0.0163406013189388,-0.0482463512949501,-0.0398138734479463,-0.0422482122393601,-0.0137664095371226
-0.0393612625344923,-0.0355703237211027,0.00762980885146442,-0.00733885772738318,0.00742006607730791,-0.00786313731793718,-0.0592096004164866,-0.0264603006215259,-0.0126938793379063,-0.0268540719157945,-0.0354493861058503,-0.0142575024052878,-0.0128458170794877,-0.00975236021337651,-0.0087345969264108,0.0137776344323264,-0.0136547328052207,-0.0119460582613978,-0.0291006754237725,-0.0405858413464896
0.0571228570987964,0.027198357210026,0.0387821931746246,0.0348136539824209,0.0374526479512791,0.0275015927306584,0.0318776921824072,0.0299971525625612,0.0394289667349991,0.0394436982320289,0.0830268580774516,0.0350179801845281,0.0280604691998642,0.0141438966236688,0.0305178832080554,0.0403030322330277,-0.0160258202879719,0.0367935182075667,0.0569848310851192,0.0340216304600767
0.0315115315365861,0.0128126995196418,0.00810017872142884,0.00876686402367689,0.00650370381366332,0.000264940998738938,0.0259059259163065,-0.0405417873713354,-0.00574289156919463,-0.000263368139986777,0.0240919859772275,-0.0176953322020597,0.0199555400346501,0.00242393317195594,-0.0106833742185543,-0.0338439898303648,0.0312184473018517,-0.00671382969119053,0.00820669085874581,-0.0126012540271369
0.0025900873180032,0.0205002674594629,0.00667059867783358,0.0165141176340583,-0.00556797467169643,0.00839815520145567,0.00928755892490347,0.088775322714507,0.00663464731911164,0.0359972639957624,-0.0889276215608865,0.00986109277687184,0.0215527340713447,0.0102955414242534,0.00518896986302426,0.00223904378640538,0.0042718463835485,-0.0116033961480918,0.00654298291731493,-0.0494078022453623
-0.0331310452833137,0.0230761042419654,-0.0116059546323525,0.00449079566383415,-0.00135590834673821,-0.00145328495707943,-0.0489994285656743,-0.00109269931507313,-0.00243746319117747,0.00584406018925709,-0.0440168729234835,-0.00101984134582864,-0.014896979658608,0.00337667136052,-0.00589907444139247,-0.00326415284274194,0.00157628225181525,0.00812177137264198,-0.00453349032150911,-0.00295660963955423
0.0684384685531843,-0.00665130444863108,0.0272968954232275,0.0145964627238361,-0.0204760964071745,-0.00758416178568488,-0.00148454544507476,0.0502359575026222,0.0400906636632982,0.0277672434656298,0.0186755946910926,0.00862665424205346,-0.00400140615033247,-0.00597143444746857,-0.00968031792951821,0.00743268675739335,-0.00127732715275452,-0.0100270596524031,-0.0145063627424126,0.00651775352659034
0.0851302028118712,-0.0124304549707374,-0.0170299999121624,-0.0288612264579252,-0.0249690079084728,-0.0231522175023551,-0.015179308183798,-0.012184976096723,-0.0165613225110387,-0.0173027273165929,-0.0187864746433555,-0.0185906450271428,-0.00760575757932929,-0.0112723509034125,-0.0244482047083064,-0.0399655877650031,-0.0200121587332315,-0.0104250105268929,-0.0154075533919405,0.0100642125736109
0.0543900539847339,0.0934224167395254,0.0618514750203505,0.0259043160584471,0.0469835972289527,0.0211702440389952,0.0214465315242963,0.0876647013789989,0.0303745205137227,0.0560754440738073,0.034166344177645,0.021914344330561,0.0429891522404042,0.0297927461557609,0.0453584017991558,0.0738007379060224,0.0358638266532942,0.0573229290740785,0.0326340326158748,0.0202087497517562
0.0316875461088865,0.00284450066270123,-0.0308488216178147,0.0209385333336636,-0.019915029167853,0.0204434206970059,-0.00622646968040722,-0.00211643704835727,0.00457927887053015,0.0171957671187282,-0.0127134725128686,0.00237125611031996,0.0215716490847132,0.011180992295874,0.00730665471236377,0.00437363329058397,-0.0173989455321574,-0.0145060468729608,-0.0108941355712807,-0.00391815408405116
0.00785714289018852,0.0255278914915685,0.034796362323559,0.00577782621465735,0.0214034138735429,0.0225733633517275,0.00830540576237677,-0.0160604628409485,-0.00484330491482029,0.00693541387656671,-0.0390159522269721,0.000102854198107337,0.000754147507997423,0.0121630961371191,0.0132797678816296,0.0289269052220094,-0.00232516537643638,-0.0242194338927376,-0.0175519631372185,-0.0190122377708653
-0.0304748405855468,-0.0208973570197518,0.0389759265478144,0.0158248428102486,-0.0172413793739459,0.000137969080637499,-0.00289017339194543,0.0300048007066532,0.0060120243120904,0.0150667242551229,-0.120240000133268,0.0539929035694208,0.017332328685222,0.00942236789429386,0.0102422907075874,0.0211608221582898,0.0130871279358441,0.0173444977075215,0.00305594745019335,-0.0340833147443867
-0.0413488336905754,0.040898139711324,0.00385171386582212,0.0237842808993718,0.0132153709868837,0.00247310117595767,0.0215842028751999,0.002791304879273,0.00685237444085243,0.0146210432649504,0.0312257917345225,0.00101454039728144,0.0322509959193513,0.003507316003927,-0.0184336345172062,0.0127194255626353,0.00954583089238781,0.0437877660476987,0.0442834145286197,0.00806195571181341
0.00613439352565888,-0.0265453301449632,0.00127228613313381,-0.0112658625094931,0.0327550508539615,-0.000973258623765006,0.0140345453484767,-0.00791330100295894,-0.00712642492413385,0.0162909403651848,0.0530041081784087,-0.0129118870122411,-0.0271544081252248,0.0175149392702707,-0.00953548636443685,0.00934399003254859,0.00174284834351403,-0.00676865974430539,-0.00472274685324092,0.0279012331286545
-0.00611687051003498,-0.0128133040646255,0.0173701683705879,-0.010234517726872,-0.0348307379028978,0.0148660330935333,-0.0305080414368006,0.0271690067162895,0.00801752302349812,0.00513085943319768,-0.0312113137234353,-0.00348084542134437,0.0152429761173087,0.0089990090103734,-0.0028313519020322,0.00867809750046286,0.000775500029676976,0.00254174368145664,0.00111739564904996,-0.0369563609843205
-0.0414846536863473,-0.0425787689990929,-0.0244660332251675,0.014366996785748,0.0293860449383187,0.0256414657810399,0.015863015935313,-0.0239607299656453,0.0187613311219318,0.000603748005045718,-0.0203290195433181,0.000537318549063852,0.00328791130724678,0.00918117649404104,0.00949656397449925,0.0014325849454277,0.0335707705590836,0.0090397739207973,0.0225125225659523,-0.0566312155676069
0.0104066665221664,-0.00197635344296913,0.0198978342449517,0.0125842029664863,0.00466289718642039,0.0119088103693907,0.0190240909797002,-0.0159015633978365,-0.0120144668620464,-1e-05,-0.0451287860429554,0.0090406734707287,0.000355230093239743,0.00589163930564131,0.00256847537982287,-0.0524444569549779,0.00922392616118262,0.0092388787664925,0.029064890030432,-0.0294073543564885
0.0293317919764245,-0.00931385288546291,0.0372211584507838,0.0316580601122405,0.013426692677935,0.0167159317016441,0.0245230359299069,0.1085152909133,0.0313547923775707,0.0263649745412986,0.00289380274448671,0.0368043514616811,0.0291977399136149,0.0194163364265353,-0.00515368775653731,0.0188407147335436,-0.0011960387514459,0.0185959428780148,0.026531095883911,-0.00934871768815079
0.0361995530368671,-0.0185714849603356,0.00330068127730584,0.00971545839992383,-0.00277029128100563,-0.0020825388158863,-0.00726729158998678,0.0124150213813854,0.0465653422517401,-0.00359565744133647,0.0276468145298113,0.0215699979801161,-0.00604050724449876,0.012779359169257,0.00448589745489973,0.0465432677421831,0.00372197636975509,-0.00682570327574363,0.00124104246110926,0.0219933966977198
-0.0141363943582832,-0.0152075684213709,-0.0139037130440135,-0.00402324359269377,0.0311514730374543,0.0207584319817012,0.0245417241780766,-0.0429638721649545,-0.0261880103739021,-0.0248000839036945,0.0411251036012972,-0.0132242193941574,0.0128379656796347,0.00693532147721294,-0.000905154966046245,-0.0259581037986821,-0.00136203658457581,-1e-05,0.0208146564308286,0.048629112923589
-0.00830562597784977,-0.00583990392252199,0.000342236729783124,0.00422088539226082,0.00998001008359439,0.00596660223666918,0.00739441574887802,-0.0218981273906329,-0.0056551613518848,-0.0270702707499456,-0.0416847852074555,0.00574254622177111,0.0169033195750926,0.0224379558797021,0.00917355911051875,-0.012890562308495,0.0328212743398675,0.00712697495213485,0.0026419786266881,0.00671915167641406
-0.0540023952406062,-0.0272607761840335,0.0158350703166562,0.0173437968186691,-0.00891207712009809,-0.00658312610191969,0.0208372538029141,-0.0278128933349728,0.00431549333558168,0.0159357990691639,-0.0439715054733807,-0.0182472243820186,0.00830600827547621,0.00624536605383679,-0.0122173020826353,-0.0367834280283636,0.00457790746490237,0.0362396594312949,0.00833181078696166,-0.0601675555195199
0.0876105792248161,0.00530914890171797,0.0493834141929575,0.0213861743415613,0.0249400997439596,0.0178039712250456,0.028396859468666,0.0411432201680647,0.00160507408603708,0.0229497161129208,0.0155854632044457,0.00939738249053904,0.0539418897735718,0.00852242315252033,-0.00023469385269296,0.00183729062974776,0.00977633194445556,0.0271231630888179,0.0369128985594459,-0.0762101524740929
-0.0443558977511188,-0.0482192167739704,0.0166704295252583,-0.0354381301856308,0.0384515386231234,0.0347443443698886,-0.00344686352919228,0.0055728495832684,-0.0139847379947515,-0.0363291185432484,-0.0913780781399519,-0.101154857262663,0.0127060090711223,0.021140592216814,-0.0173153153176193,-0.0826774862028958,0.0091969131753797,-0.00804316900641812,0.0273199252338088,-0.0932186885425358
0.0572212446647935,0.0528309798731184,0.00502573744288967,0.0096977662194907,-0.0131370511138735,-0.0031512347141095,0.00956976745818897,0.0419620186294265,0.0324239057400114,0.0349254223688944,0.0682946116299878,0.0226742100380314,-0.0312398775147165,0.00744650373370093,0.00627930818953309,0.0626365659904029,0.00575184374687803,-0.0324028946042045,0.0264014833186775,0.0148474895358605
0.0192657812931272,0.0271610769977196,0.047357362117749,0.0201209237434855,0.00332541568007566,0.00387831769670512,0.00265688269076562,0.00128074153519225,-0.00369588177216379,-0.0268003271785213,0.0785585024673623,0.0524934383527247,-0.0375540044771527,0.00740131579484238,0.0229545455249712,0.0570617908721201,0.01304901347104,0.00809935203913566,-0.0177139661488263,-0.014042426037511
0.0202458426232118,0.0188549091028966,0.0370370370673537,-0.0264282938019949,-0.00213068201473521,0.00205239644811781,0.00143651850755668,0.0378965296442021,0.0155464499416859,0.0292200966087402,0.0133664299785927,0.00444172265200984,-2.88475049936628e-06,0.000116618180848139,0.00826305811772528,0.0244557111627652,-0.0328306629046062,0.000535618571067012,0.00398633250402532,0.00363636365258058
0.0687455704846885,-0.010719927802941,-0.00922619038743946,0.0133732535578305,0.0194543298746065,0.00963855428546005,-0.0129293953517625,0.0553846153631974,0.0486458058363071,0.0682189543336235,-0.0435128154822238,0.0194160512352776,0.00835654603879875,0.027168843289796,0.0179720434194783,0.0574585105714959,-0.00262203377459641,0.00214132768753448,0.0086972963738189,-0.075181159516313
-0.019230769465559,-0.0166533591825285,-0.0163712827141094,-0.0123104195361588,-0.0169885965981597,-0.0145584725478762,-0.0071914730106834,-0.0180758016960123,0.00902708141432988,0.0260038239042065,0.0274431058569749,-0.0130493186093031,0.00276243096473062,-0.00695824158814715,-0.00250653873757352,-0.0276625174140184,-0.0350386576808474,-0.0184294870160016,-0.036738519171578,0.0437479595441526
0.060175794374912,-0.00475582873891669,-0.0367995113337589,-0.0294542448347956,-0.0532670454653792,-0.0219181400160337,-0.0319492950492337,0.0290973870729535,0.00770377731556534,0.0173313455397475,0.010299898900389,0.0111802445295392,-0.0623278236648558,-0.0304077401849194,-0.0115809024095555,-0.0216216214851201,-0.0271053528154671,-0.0478911565177435,-0.0566258027300365,0.0722552392024947
0.00318877555014244,-0.0134032634721841,0.0280596068744935,0.0177073625203865,0.035508877170669,0.028682128032797,0.0199091394597656,-0.00750144257609605,0.0172626388078065,-0.0058618793023144,-0.0176192647515076,-0.0080280741161606,0.0378259274198153,0.00867189361514974,0.0108323200662405,0.00988659471726807,0.00630804273491986,0.0131466134406098,0.0363036302715676,-0.00495915965279772
-0.0228862049901178,-0.00921441222681334,-0.016191210486493,0.00142450141654836,-0.0190858879094242,-0.00460550234023588,-0.0191274728525996,-0.046124030824147,-0.0264242426189539,-0.0210060808214122,-0.0266199799549798,-0.0201114612323543,0.0293701341144389,0,-0.00951339533706839,-0.0100777426017418,0.00679087570764914,0.0129760223301848,0.0165207007035555,-0.0169255464476788
-0.0240728687347698,-0.00894241084798526,-0.0167711598991586,-0.0120910383394191,-0.0143777889501388,-0.024351637720025,-0.0181648189593914,-0.0477448192353945,0.0199203189122075,-0.0220214568143627,-0.0384838973593543,-0.0333333329383422,-0.0216569267825335,-0.0201389707549662,-0.0121439611190906,-0.00319953467294658,-0.0247319264994189,-0.0401002504238848,-0.0303504993008355,-0.0946068093144733
0.0313333328996455,-0.00757940338394087,0.00669536107174295,0.0182042578591415,0.0088028169778088,0.0207163359622964,0.0133315195634503,0.0234691699851226,0.00756835935454784,0.0159738261314321,-0.0410399031152219,-0.0222551931624091,-0.0158116654397458,0.0319711538857955,0.00972284313356528,0.00904581268839784,0.0340485899993485,0.026979982619382,0.016558966016066,-0.00332778674509537
0.0795087267834707,-0.00424293841369937,0.0106096595895362,0.0086868687705419,0.0102218898747052,-0.0121041691354648,0.00966572693667804,0.0116739628839566,0.0193845407322951,0.0300921460870797,0.0526820163646015,0.0199884884645484,-0.00142806141997587,0.0234102026530581,0.0135030437165561,0.0300751881009744,-0.0197221745879844,0.0121468923483658,0.0190703217867463,-0.0724540902235584
0.0245508985103483,0.0612369125151247,0.0495142587829611,0.017224113694793,0.0125863770681519,0.0435643564138042,0.032176572143563,0.0469812487499482,0.0133111481566243,0.018151509401348,0.0217766279897443,-0.0146719334791329,0.0300321776136999,0.0241265506652196,0.0199847110832578,0.0342504210495486,0.0356892933830643,0.0120823036303301,-0.0074590448916189,-0.0125989921547862
-0.0204558740075012,-0.0105597104955826,-0.0271722902383506,-0.0128962394417247,0.00146234462248967,0.0247865274563384,0.00579672813793318,0.0303089942163441,0.0426929392000239,0.0216481718306492,-0.00365759306786258,0.00765345939360177,0.00971884730708803,0.0248916545970894,0.0189507495776677,0.017372421470157,0.0216216216432411,0,-0.00912517377969455,0.0459351074409702
0.0155131266847844,-0.041914769437111,-0.00276243098599935,-0.0223396828462257,-0.010951569699615,-0.0127300079894527,-0.00102459021108188,-0.0026743073959908,-0.0211473565086608,-0.00195868937889168,0.0377456170365899,0.019685853499383,0.00962530088104081,0.0065054754099018,-0.00399285500821062,-0.0285485594134315,-0.00909391550574418,-0.00586428374870374,0.0214214215842515,0.0589055422541408
0.0342933597868433,0.0272970996634452,0.0235457064444531,0.0119351219350036,-0.010334645645077,-0.0119563943840144,0.00961538468161484,0.0153232422858423,0.0225235576580433,0.00785013368821993,0.0488673212966981,-0.0110970360198307,0.00821074231605423,0.0168049121959109,-0.0299609662815937,0.0315847296488899,0.00734189901387927,0.00477528088933338,-0.0150921206802459,-0.0523370640157407
-0.0274285715138353,0.00249110322241687,-0.0267628929138343,-0.0159274194138501,-0.00149179512327068,0.000593190135046492,-0.0175600649116191,-0.0316981131709464,-0.0215841161703984,-0.0348734288741917,-0.0109901853451072,-0.0327614687242689,-0.00544773561171414,-0.0215065155213688,-0.00652528544709728,-0.0801384451506133,-0.00115951637237794,-0.0271176961141416,-0.0185074628544355,0.0250086835139452
-0.0423031725147091,0.00769139749561983,-0.0395488953020555,-0.0265314484438647,-0.0276394424500658,-0.0493241640275124,-0.0362808842121701,-0.0189010132371957,-0.0111034003428368,-0.0225605281850628,0.105358125207132,-0.0132041316393837,-0.0287572750726126,-0.0323733218075446,-0.0309744269106355,-0.00839363260075901,-0.0509517192046172,-0.0178160922085337,-0.0326439577074587,0.0972551679750023
0.00920245340677468,-0.0149131047768449,-0.00707736853060421,0.00105229935397692,-0.0135723429256096,-0.00411573960581148,-0.00904061540729614,-0.0103277060840387,0.00023391807209958,-0.0182022894185973,-0.00260784750728721,0.000431638854086552,-0.00105745474514251,-0.00335683107216657,-0.00443635528916019,-0.0200091548341834,-0.000882768339009996,0.00321825658415282,-0.00209599663850819,0.0191476218709882
-0.0158054707787675,-0.0160925021339087,-0.0145796210049383,-4.26639327655625e-05,-0.00882658376975088,-0.0015028177906326,-0.00626361655703291,-0.0301023479181771,-0.0392890551947302,-0.0342125381729738,-0.0275517943205675,-0.0169884586386781,-0.00458715609580944,-0.0226218753574975,-0.00411334547208392,0.0314559617143089,-0.00636154789669124,-0.0134149898902898,-0.00483091785615599,-0.0372727274492914
0.0500308832794275,0.0102980373102264,0.00920598389113364,0.0201356507053836,0.00445259307060565,0.0011987128052119,-0.00534392980673679,0.0184150631051156,0.00851996118961311,0.0401741539785416,0.0225854651213283,0.00416963870853113,0.00248138952441057,0.00867955101180136,0.00103258367563345,0.0365959919359367,-0.0113818246899733,-0.0124150163170262,-0.021950190123223,-0.0345691479394352
0.020588235194898,0.0434104809267353,0.0863332790259061,0.0113234988611532,0.0162143681710902,0.0133737067146897,0.0243835238610581,0.0258025191894416,0.0183441949488712,0.000570776077630841,-0.0668780859840497,0.0499371686891212,0.0081329563264839,0.0161771454294297,0.013180515771487,-0.0033622863171723,-0.0127720812773208,0.0272373540928638,0.0306430730868125,-0.0732829443516696
0.0023054754532489,-0.025974025925951,-0.0251911830904996,-0.00462249609712855,0.018350995199281,0.0176792829099843,0.0197686928466822,0.0142602496545477,0.0156435173832817,0.00399315462318898,0.0053990106139762,-0.0111880106351522,0.0161346895200449,0.0125324601895776,0.00294117642117397,0.00927748099595103,0.0198615160803868,-0.000145687741541654,0.000418760467435596,-0.00460992943160467
-0.0195514666295055,-0.0112094395055217,0.0027688048464013,0.00227038183008591,-0.0253807107972794,-0.0188402250895049,-0.019385467494102,-0.0453036516989522,-0.0294049008184621,-0.010606060617616,0.0328191523884694,-0.0163140723845891,-0.00310666233787494,-0.0328947368552187,-0.0198511165924431,-0.0278551533977735,-0.0146507057354022,-0.0097624944195988,-0.0163248220398791,-0.00320626986193017
0.0023360417201643,0.0047632696222489,0.00167737541104945,-0.0249276277187437,-0.03126000005539,-0.00724192021015817,-0.020989020983206,0.00510352024146833,-0.00698282994948116,0.0155763541238905,0.000570010282161279,-0.0150966680916774,0.00414512462166731,0.00667742078659673,-0.0066843382996003,-0.0031618624555963,-0.0116147144568377,-0.0067786875132114,0.00211765956633033,-0.0421829808210158
0.00116027498830858,0.0167358431860271,0.0139256814714315,0.000412386449721296,0.015312580734185,0.015187186564492,0.0277372527509473,0.00161800161599506,0.00313769981641472,-0.00304778228565625,0.0202413301462556,0.0111795712427803,-0.00966517220704508,0.0245003653509865,0.00728842444704302,0.0020020725429863,0.0320942010998708,0.0270956076879727,0.0112844713177596,-0.0440398504924563
0.0245370479582175,0.0273280856950739,0.0141872511260397,0.00484539373835733,0.0267307997030559,0.026960184446338,0.0118852152302862,0.039201702401767,0.0301613731851628,0.0340787449690555,0.0326150172833961,-0.0665119340144925,0.0623159054360404,0.0243611570529214,0.00689051754521147,0.0120381927936773,0.0106547706416096,0.0119783039704106,0.061998918972062,0.050731607983409
0.0039831548526036,-0.0294352346807042,0.0314121892233458,-0.00442176464948038,0.0064366217855099,0.00408589204387046,0.0048770690754224,-0.0213198727942381,0.0042074320908892,-0.0281867957351284,0.0335296648019804,0.0176560148185902,0.00326761393374715,0.00501018983905127,0.00478725874002557,0.00877684810354887,0.0304156068389608,0.0167481624100829,0.013987200586511,0.0337938632129119
-0.0348165428183462,-0.0139300189696175,-0.00361958710716008,0.0259448428023713,0.0148503638882313,0.0145070965116177,0.0130026183295128,-0.0261787615610804,-0.00444303777917536,-0.00493704169043614,-0.0112808620539146,0.0134477323109946,0.0182846749208018,0.013889446284813,0.0210198965743596,-0.00900128968992097,-0.003082196781557,0.0298280222708847,-0.00434839472195976,-0.0664850267291565
-0.00237826569990223,0.00776604983791784,-0.00624098110563288,-0.00237528184938276,0.01109830602173,0.0152454399545766,0.0115379433286326,0.0246104348901423,0.00800285624325576,0.027603787759116,0.006870165091163,0.00955447769065907,0.0125890471689743,0.00727285308465739,0.0394608875243022,0.0317450324576001,-0.00899818692518196,-0.0295353865894027,-0.00575371174369439,0.0611909235617935
0.0130463801719151,-0.00594542258299761,0.0206957451409525,-0.000937739421501932,0.00423469410178274,0.00208668030890191,0.01615213446994,0.00920105331007751,0.0194233881185373,0.0168543439258032,0.00850198702731255,0.017768765455565,0.0280870624641164,0.00360509843122141,0.027381351260619,0.00933322610813119,0.0139589191679582,0.00738266446976933,0.00218123502351301,0.00796968824858305
-0.00352493845235366,-0.0102798829487833,0.00284714292252523,0.0139190137007565,0.00521128284002306,-0.0033809171919246,0.00743761432030341,0.0398709525169188,0.018823256623364,0.0471924785269183,-0.00989778847326526,-0.0103271574000869,-0.00249447213664518,0.0160934007250831,-0.00273908581926368,0.0292773526035454,-0.0370342809495372,-0.000292246773856387,-0.00179890860767327,-0.0737775425139717
0.00410522641376054,0.0207428957073292,0.00483330475737062,-0.000899518086228756,0.000979364540988305,-0.0149388546456059,0.015025709801596,0.00972096724061463,-0.00767456255906536,-0.00418681857015243,0.0697668372231061,-0.00894546567279129,-0.0121519675576521,-0.0062042257357019,-0.0161135680015761,-0.0417542169925375,-0.0127067096733917,-0.0059388539148634,-0.0119574314248793,-0.0353635352684671
-0.0222582435647093,0.0106282978651581,0.0130322456226264,-0.00586395914368016,0.00670808906460972,-0.00876049548329843,-0.0074367435118064,-0.0270319198358988,0.00203452508143309,-0.0202826318820235,0.00709342221553043,-0.0111965537337119,-0.00599802384629397,-0.00233410728113086,0.02320352158057,0.0144184128505516,0.0115821028905622,-0.019322695148874,-0.00283144287646565,-0.0649749438768748
-0.00659682615764194,0.0064227485040238,-0.0137256942875486,-0.0243901653349568,-0.0304103955518075,-0.026708737222226,-0.0232774505993296,-0.0101090482697313,-0.00862482637178493,0.0019521833753795,-0.00999178644961838,-0.027420367508166,-0.0409104439938475,-0.0327291867580169,-0.00356462623175653,-0.020797745931305,-0.0272257565153151,-0.0197030204493732,-0.0331547050331029,0.0112845268092727
-0.0705344126456743,0.0334589134012007,0.0399210543665638,0.0219086785661432,0.0206374636404029,0.0108635943864811,-0.00833479511964908,0.0243180360067651,0.0281171436093797,0.027228739492637,-0.00976776919512074,0.0417724070763444,-1e-05,0.00809071143903047,0.0353483044392573,-0.0178870949849214,0.00808865647353489,0.0132839437605092,0.00500672246020806,-0.0275014091749304
-0.00779210108772022,0.0218049107046389,0.0269237016415655,0.00413464818930941,0.0154745154481166,0.0109911001587753,0.0134214865081084,0.000947670966097109,0.0120006763658847,0.00761564991534618,0.0201531998541219,0.0280979878257802,0.0128825619150768,0.00281332510037978,0.0286685569830225,0.0133574627758549,0.00510228764712907,0.0256459766351882,0.022660549134675,0.0419511305892925
0.0137154904510621,-0.0115649687120902,0.023661822371838,-0.00382797541894323,-0.00492883898169829,-0.00569250515139519,0.00228387032922888,0.0218040069527672,-0.0035264836682401,0.0155204031639544,-0.0341295164456516,0.00841878800415676,-0.00392644903692538,-0.00542418515667648,-0.0197124923443661,-0.0311635220864945,-0.029074486856932,-0.0108115917727787,-0.0152632032695481,0.0139789785829853
0.0360957381128652,0.00767203080802542,-0.00946999203792796,-0.00767521644585762,-0.00816620370500444,0.015311011659369,-0.00776588044449569,0.0247091009920955,0.0132233479923602,-0.00290805661718725,-0.0148719172267225,0.0033119030810402,0.00556011791637819,0.0314543440139434,0.0101397336467673,0.00346624569653256,0.0164539850483634,-0.0209390068153058,-0.00307063341210693,-0.00502672247958022
0.0279924891951741,0.0168531423124731,-0.0187127457330299,-0.00909141964697101,-0.02119116132374,-0.0155788622405088,-0.0237157919637361,-0.0447833917085053,0.00978538537445127,-0.00650683698873515,0.0144944469303236,0.0151026771874381,0.0130235615052054,0.00336766513687195,-0.0135396458048665,-0.0196404851196071,-0.00682023378970186,0.00236953577978336,0.0125554449241475,0.0315026050636998
-0.0417775544069591,-0.0576434209070433,-0.0170416302044355,-0.00527703891674318,-0.0112116293941983,-0.00937739657752365,-0.0232413952499706,-0.056256412915729,-0.0196262965887845,-0.0519804010597132,0.00997760799099461,-0.0549839592770884,-0.0321746830158221,-0.0468225393788318,-0.0434751069003384,-0.0282785512604322,-0.00575499616482953,-0.0083186051475791,-0.0149014167788628,0.0134319553858891
-0.0472277771012029,0.0898124440130656,-0.00152265128650783,-0.00276336229834539,-0.0262715858873314,-0.0131501203028334,0.00348368456886578,-0.0383270508787457,-0.0030882762368506,0.00489107098498369,-0.0832777128567154,-0.0164873995721476,0.0102924258912679,-0.0236277022278433,-0.0283705692986765,-0.00637363644096946,0.0141558899317792,-0.00300222041650983,0.00817811665540298,-0.131842797507018
0.000658449412933063,0.0102125535422026,0.0421329555613247,0.0185734130206232,0.00342733468248335,-0.00175216033855307,-0.0124631333750108,0.0402598712742484,0.00743888196794357,0.022750115587713,0.0442821881310687,0.00867254595233596,0.035675369625926,0.0177361285529673,-0.0102587829816732,-0.00580444937779859,-0.0071777999102745,-0.0306222446526179,-0.0252078342111868,-0.00371370391430277
0.0180260723166532,0.017698443160286,0.0470363856814396,-0.00146954957181302,0.0258134519557764,-0.026561982100755,0.0276510168754979,0.00363815575148202,0.0167411571946906,0.0270122536122315,0.0467687869904964,0.0363228630134192,0.0230521395150876,0.0301987961191471,0.0389610753253038,0.024836625734542,0.0330727191154068,0.0263057892561166,-0.00641888681388414,0.10733200755672
-0.00525934393978668,0.00982946141511881,0.0113493335891184,0.00698519730824475,-0.0449624786784075,0.00165474587363351,-0.0352389219515549,-0.0254542649938311,-0.011499269408294,-0.00929632848038814,-0.0344591627322714,-0.00490955925627993,-0.0150381777449144,-0.00626269516548162,0.00976579420334688,0.0011940938001861,0.00234678025902941,-0.0105680693180864,0.0163305719049557,-0.0188937598072794
0.0151615040724492,-0.00544589745462953,0.00847620987359712,-0.00508416963734465,0.0274241042396667,0.0236412400213055,0.0215983151447251,0.00765680475019547,0.0179724560557873,-0.0137228970600991,0.00187481672935627,0.0130104061400592,0.0206511572468313,0.00654594407393562,0.0130385110311308,0.00720587485975769,0.0137357044986894,-0.0265343900720681,0.00654807065849957,-0.00514259203158928
0.0149347694419981,0.000814997473324396,0.0173145885610967,0.0036684025608825,0.00915230363828737,0.0257255876743536,0.00480927708666988,0.020347803942784,0.03294993104643,0.0453965470649243,0.00797114934529866,0.013545111693932,0.00995574246194817,0.0130164872261369,-0.013305938480212,0.0220795523090997,-0.0108931400241993,0.0190942907008906,-0.00904741080467527,0.0575996303528177
-0.0345810630606583,-0.0171145853369516,-0.026040896537934,0.021770104639224,-0.00201722383384889,-0.0068761108462854,-0.0040325261928911,-0.0552296695214179,-0.0114802815357716,-0.04378104387423,-0.0108500573344241,-0.029155353940367,-0.0370127749896937,-0.00547506646457548,-0.0160116844755695,-0.0338885044721357,-0.0140792641766306,-0.001546570471791,-0.0227035312720156,0.0707734592673011
0.0258520693025902,0.0209565583384633,0.00348694015534471,-0.0216332833768866,0.00706361818142901,0.0140640741336761,0.0244918848078508,0.0682493856947082,0.0362769198242889,0.0593209859855619,0.0155801579487043,0.0244672512486812,0.0304094685306559,0.0336070671228065,0.00897684074123338,0.0395909671763762,-0.0402588108249897,0.0556994488426546,0.0180021527568592,-0.0622712682117448
-0.00130282523756013,0.0205259893203401,-0.0169359489043899,0.0185298553616656,0.01325742979425,0.00985121257678399,-0.0011926544590894,-0.0565195847455064,0.00345091202513398,-0.00217054507232996,0.00747775508545138,0.020239638938684,-0.00933256080326962,0.0157306442740648,0.0359352868255257,0.0241249229068132,0.0135241213931096,0.0224389795983367,0.0108618823786701,-0.0256719145563214
0.0440129451219465,0.0279706208757485,0.0182301556951047,0.00647881537048087,-0.0187419770077919,-0.00433996380964939,0.0171030128154621,-0.00296296301741881,0.00547778469713694,0.00242822023224561,-0.00938792240505998,0.006930952484925,0.00878293601673539,0.0100574712685909,-0.00348004090582717,0.0105053946947905,0.0223810418646644,0.0136869120651912,0.0130746520478435,0.00794314397147392
-0.0309981403803098,-0.00704707839337615,-0.0425214472875202,0.0145090425963885,0.0107273677606587,0.00678048177173076,-0.0104772992635393,-0.0303544894756824,-0.0298627925757444,-0.0754054505412596,-0.0229588958954427,0.0178338634551156,-0.0715174128885938,-0.0157488316362205,-0.00657354148244734,-0.0146108458126986,0.0228108903783962,0.00306855238382347,-0.00941991403043468,0.0049771879875412
0.0236724247432746,0.019511257521046,0.0386962733387745,0.00966864732117642,0.0541030289495493,0.0288634998084632,0.0151633987543297,0.055604203180043,0.0176788684123184,-0.00144665461056627,0.0102576932308466,-0.0265382444714636,0.0130609511686519,0.021575307160873,0.038254756008393,0.0473339038616818,0.016187050308932,0.0238636366208692,0.0112598257298969,-0.0284770946530166
-0.0137499999135103,0.0180881065808966,-0.0220027503907309,0.00478802994384863,0.00712180741897362,-0.00350672119626827,0.012361576130837,-0.00974699289987913,0.00245248313346089,0.0086925027125239,0.0895340420822323,-0.00199989506712642,0.0165289253625689,0.00838722721866498,-9.95818553641561e-05,-0.0176967058449045,0.0219469026727427,-0.0430077691548956,-0.034873949630483,0.123619371147445
0.0154033601694357,0.00305664338821008,0.0265882653562729,0.00694927039969497,-0.00146305776247225,0.00316715534285216,0.00635970484333834,-0.000209555758379539,0.0108053008964117,-0.00215439866119824,0.0360877014315587,0.00954490324257437,0,-0.00481010131365463,0.0159346679444454,0.012749445610542,-0.0159334950029873,0.0330530588585465,0.0256856771849448,-0.0654064269908534
-0.00817610110409357,0.00047614511684825,0.0204208691710252,0.0147885240241704,-0.00195360200672309,0.0192937324193265,0.00717435137607495,-0.015503875937286,-0.00306972177445091,-0.0282475710836361,-0.00634715071829449,-0.00133445165583857,-0.0474767611213556,0.0161111670971621,0.00617586511288939,-0.0172413792289834,-0.0109116507353223,0.0227336513206013,0.0288624787379092,-0.0283171522513826
-0.000634115562651779,0.009232819362889,-0.019035997548253,0.00204022153123407,0.000489356577907547,-0.00722725698126719,-0.0276515151487988,-0.0117046179174652,0,-0.0129605628037059,0.0204383114652951,-0.0158880472844811,0.00310024141553503,-0.00327024085027973,-0.0118685631026157,-0.00167084361088363,-0.00688438084340534,0.00823271139378446,0.0121699668573646,-0.001248959225526
0.0164974621404674,-0.0188625860032594,0.0364473192262062,-0.0110529377161451,-0.00758131576021074,-0.00820429865123879,-0.0181794571946735,0.0183031868114111,0.0220048898599441,0.0228850122354249,0.0278154341535829,-0.00598738368834109,0.0127060436644467,0.0109379466030079,0.00575739527427619,0.0173909673122638,-0.0190286336214463,-0.0386499729718483,0.0136539638791562,-0.0245935807247129
0.0262172288524622,-0.0173027011337247,0.00828132509482577,0.00235999370500826,0.00813208461329152,0.0291273448064344,0.0153418860026283,0.00592091347662566,0.0123604466665454,0.0190720704118037,0.030726393349329,-0.00849736511487154,0.00474737208903024,0.00475341657290264,-0.00779707851597815,0.0104740903963734,0.0162571587749307,0.00424688566283688,0.00442299962620952,-0.0217948717959866
0.0389194403627859,0.0581920932596262,0.00713200682293132,0.00521527851449437,0.00194551215322331,0.00269118889434669,0.00572140558845402,0.0285794473292378,0.023621350874392,0.0251834495938665,0.0198478198958198,0.0108925822273633,-0.00709741155375167,0.0169424936172545,0.0106335889805126,0.0177204964653069,0.00398927267361217,-0.0126967776942136,-0.0108186469231073,0.00960118411531747
-0.0304549652444942,-0.0130438325012709,-0.0214022704157299,-0.0144274185389613,-0.00770400556120887,-0.0082001944940791,-0.0250067621720852,-0.0273960618811608,-0.00154905352137186,0.00121871694031112,-0.0102490135182824,-0.0204532047170448,0.00372895322551626,-0.00630967051333294,0.0103246456598945,0.0474303643401906,-0.000191060943918403,0.000275551230792544,-0.00486633362714002,0.0136499056961318
0.00663251224449968,0.0244350688685729,0.000231545874124762,0.0142202715942017,0.032687547694406,0.0218961818953491,0.00530349637861708,-0.00526320437677675,0.0190651445702089,0.00893109394168082,-0.00406346192145218,-0.00554242753009324,0.00845596666202523,0.02671388570984,0.0114853726349635,0.016366663470486,0.0275162586871813,0.0102669056197068,0.00426002843047892,0.0623831622933235
0.0365826817275443,-0.00549546358730973,0.0299344579623507,-0.00452334376813301,0.0119832838777012,-0.00382593720683539,-0.00450260045479499,-0.00423475714368053,0.000179071662977955,-0.000357523939770752,0.0117598823055091,0.000871299823974484,-0.00370375395071078,-0.00266982708110861,-0.0252435549049518,-0.00705934550924552,0.0142656432664406,0.000555131286187166,-0.00142729093756199,0.0132643365291537
0.00231481468364766,0.021143592653694,0.0180539273235091,-0.00473092842162514,0.000948091805753433,0.0141955836803855,0.00544199627123773,0.0233347476063256,0.00189035921641873,-0.00145338071136477,0.0222874538790562,0.0375323316806691,0.0289855073013024,0.00409562810854542,0.0136350163165884,0.0223123732444483,-0.0269331017155553,0.0121434622033208,0.00790754278051917,0
0.00866050811060664,-0.0100828232771502,0.000575771487096545,-0.00604080018817155,-0.0061567606148331,-0.00188846919660109,0.0141254125236274,-0.0257048093130372,-0.0284905661369521,-0.0219106047164656,0.0126555354086564,-0.00281122319530813,-0.0150671470619427,-0.00303547710472729,-0.0082854079220869,-0.0292658729983331,0.00303571426450978,0.0106748655785009,0.0232741202447714,0.0293767366163197
0.0143102461812272,0.00827573664563125,-0.0124295085300329,-0.0137491282412346,0.0109602096856677,0.00267111844181709,0.00351470964423339,0.054468085057451,-0.00407846172679386,0.0435483871902466,-0.00829657634710422,0.0239361699694927,0.0219487861884954,-0.0313986679954167,0.00973068612998228,0.0168625445198406,0.0133523233180425,0.0114653243490816,0.00854530998338085,-0.0196683376970648
-0.00564334087528107,-0.0482890078756488,0.00489453440542207,-0.0330336397827588,-0.0337025689056478,0.0162060162147432,-0.0145284730849873,0.00948345441573433,0.00624024955316841,0.0133951571630489,0.034321719794524,0.00987013005575582,-0.0175724049671261,0.00304518671357495,0.00438041465943133,0.0178391961480008,0.00105411100225927,-0.0174177494306389,0.0104433497090364,-0.0106215580594855
-0.039140380106632,-0.0412970910977873,-0.00985735827846177,-0.0148349351463972,-0.0390243901911096,-0.0203167667769775,-0.0319863104947822,-0.0383802839226976,-0.0242248061764405,-0.0428740892859579,-0.0157774569303953,-0.0270061729494244,-0.0355599319026503,-0.0216433259007097,-0.0424500872899843,-0.0469019994559967,-0.0156195156279594,-0.00590883530772246,-0.0282761309762087,0.00198807150953055
0.0166567519371491,0.0274572224629138,0.0172171469488332,-0.00795334049583157,0.00126903546082101,0.00668970901950751,0.0219341913845775,0.00727650720457755,-8.33158278307913e-06,-0.00247875348223277,-0.00955691880077653,-0.00748663042316244,-0.0180180180388933,0.011811811897599,0.00951417013777422,0.0121730119839624,0.0144410768237598,-0.0243419190011092,-0.0226771022538008,0.0472222223073477
0.0128730251142303,0.0238187451399549,0.027979274511248,0.00256547311495826,0.0362484156817402,0.0172776609022961,-0.010312039593537,0.00557275542990369,0.00419999989824929,0.00727724524746574,0.0341988599325597,0.00401864656220875,0.0105857448154572,0.000890383844254368,-0.000179500445878733,-0.00153531206320662,0.0123103147057533,0.00783289823235586,0.00205338807729393,0.0189465708586343
-0.00808781017386711,0.0148477397361345,0.0135528674580403,0.00703699748354104,0.00587084158817555,-0.00272182912761877,0.0247631934561101,0.045361247911404,0.0193188608598362,0.0306607930182115,0.0340885896115775,0.0161703490035514,0.00977653626175855,0.0259958484928204,-0.00535191364348128,0.0306451025651865,0.00386235946803958,-0.00690846299521459,-0.00327868831579425,-0.0185942731449291
0.013977867880817,0.016401081017834,-0.00674107639381742,0.00080874780407146,0.0145914396682468,0.00971615727094379,-0.0030371054402877,0.0141370509519744,0.00508010949901765,0.0164130620965182,0.011646269234543,0.0099259492784848,0.0162517286855846,0.006110572320551,0.00974619296402861,0.0422499997778918,0.0124169291058966,0.0133333334110505,0.024259868403506,0.0265251988940533
-0.0155083280911229,-0.00485926473779092,0.0117935024234252,-0.00693555270424441,0.00287631836176166,-0.000995372468100203,0.0266225165624218,0.0125847047326837,0.00408242602840766,0.00773759451128782,-0.0344390243787426,-0.00572022883076613,0.00884654645469154,0.00665188462657098,-0.00201085871206803,-0.0187095225532643,0.00397305229083892,0.00543478262524584,0.00240867106252492,-0.0413436692574306
-0.0320886816676605,-0.0324304403617636,-0.0139652517185652,0.00290104225459291,-0.00187769075881218,-0.0095912806449752,-0.0224487162913479,0.00152963663444131,0.000968054177509931,0.00200300451112852,0.0271799534955279,0.000418409937869012,-0.00741989856790388,0.00153227357229008,-0.0350594398411938,-0.0325103887601529,-0.0290777702285964,-0.0184921764783459,-0.0308370043921359,-0.0298560714469241
0.00361663657972155,-0.0239002094537246,0.00914464142159525,0.0109277908478602,0.0142305838426142,0.0321338174893953,0.0141216839906429,0.0210003818994828,0.0321083172075564,0.0179910045369091,-0.00688569743382963,0.0142199915852984,0.0329595649246318,0.0326066169771997,0.013990394724009,-0.00884284982531163,0.0124047493262552,0.028115942297219,0.0402892562960088,-0.0381406434858793
-0.0192192190182128,-0.0207784606315845,-0.019339153548954,0.0036032217349558,0.00356718190946172,-0.00703699748337732,-0.00455491933026392,-0.0185115932215381,-0.0279235382521211,-0.0090001635398001,-0.00208003175143779,-0.0203092781707114,-0.0223684209913661,-0.00824150384577178,-0.0174011532135418,-0.017588580194981,-0.0136530718818425,-0.00535663942891446,-0.0115193645107393,-0.0165220983144519
-0.106552357667576,-0.0297868101504479,-0.00326797382726632,0.0016895459080652,0.0189573458825121,0.00397294108087484,0.0108510917119447,-0.00323871199776605,0.00443416251411687,0.00247564763299116,-0.0112158808895612,-0.00731347974233095,-0.016823687826551,-0.0183940242770308,-0.0158231165033078,-0.0490399585966738,0.0120674356830089,0.00226757373796126,-0.00120554554767548,-0.0466190677907269
-0.054832076995492,-0.0437416572418785,-0.0246466930607825,-0.0269871388664445,0.0341860467125895,0.0122994651623067,0.0125452663282197,-0.0422400613214207,-0.028023032750925,-0.0295190713389068,0.0111423409367239,-0.0145227118249927,-0.00308008225614113,-0.0370969277029177,-0.0247018738858958,-0.0660300136302612,0.0368227247188963,-0.0187154438559939,-0.00463199894233472,-0.0215859029416615
0.0166787523851847,0.0282786275375972,-0.0282832966398366,-0.0136511376476339,-0.0357544412226531,-0.0331748547342768,-0.0535189679210495,-0.000798243721008978,-0.0385071089714889,-0.039644566064567,-0.0303782388457942,-0.020868068815252,-0.0446275314241318,-0.0249925910315369,-0.00425764194060639,-0.00876424183984196,0.0265516659289199,-0.00496350384333224,-0.017776869554457,0.00855470516085429
-0.0171184016877215,0.046186217829068,0.0570201598465496,0.00692003517653827,-0.0431436567671494,0.0337668014578459,0.0307692307872561,0.0345516277548725,0.0515506264731892,0.0451957295466115,0.0773011160427296,-0.109695138440016,0.0459935318589247,0.0448834852611432,0.0359609692163701,0.0167992927155414,0.0296540361142997,-0.00616197164942584,0.0145620969632141,-0.0200892858366864
0.0316848718934731,0.0198109413133679,0.0312605801356322,0.0224719100290132,0.0207165487688165,0.0165961945637456,-0.00144016757647747,0.0335921137062362,0.0369140624614029,0.0296220633647194,0.0264208327265898,0.0143139189181113,0.0288560634469777,0.0450887229599429,0.0234945496569247,0.026086956669546,0.0137600000013766,0.0286389133331721,0.0303465244401069,-0.145330296280949
0.00567778580978547,0.00345133616624529,-0.0151017728521225,0.0146164516179545,0.0105062083756921,0.00655089936785422,0.0327782876656852,0.00410984500797922,0.0207577113714601,0.0163690476315538,0.0137161144370084,-0.00745647296271597,0.00764478721397141,0.00389682687448804,0.00589390968018988,-0.0285310735168613,0.0132575758781253,0.0020091847857507,0.0121393035040138,0.0229211090569827
0.0684544814963206,-0.00412735851971245,0.00888888886611968,0.0116719242365591,0.00968809074289733,0.00950413228420282,0.0531928398926143,-0.00688372096286799,-0.00910104005342642,-0.01935903693425,0.0474268413627241,0.0128956619087238,0.0140374332000101,-0.000369685781911352,-0.0155295579382441,-0.0590287876375393,-0.0242252635838757,0.0283586366625591,0.0125835628162592,-0.00208441918074648
0.0191545576594968,0.0504243141264516,-0.0202643171522479,0.00488514712585209,0.0414228878052905,0.0119729840474114,0.0203712632367586,0.0052454102390556,0.00862230541690311,0.00282017247778462,0.0200560520621654,-0.0197368419992133,0.00362557705055276,0.00369822489985064,0.018088127037322,0.0523258727879144,0.00548121886373686,-0.0172701951254102,-0.025048543752314,0.0281984333860407
0.0194426437381502,-0.0549553780492784,0.0399055755990614,0.0101904428272774,0.0143532284651277,0.0122358175357718,0.0341405789420826,0.00577711529043563,0.0124512172520026,-0.00479735313049824,0.0211213189012356,0.00776783535690146,0.0229885055719405,0.00361579841429448,-0.0647660365296262,-0.145137451767371,0.0125060124787234,0.00283446736764945,0.00756821347552646,-0.0655154899616492
-0.0019071833074577,-0.0180914513466791,0.0135120526731053,-0.00516475576314035,-0.028998438396224,-0.0168704363622409,-0.033637581276194,0.0390957939317156,0.0100954478966017,0.0422207446872456,-0.033044647790095,0.00678300546073326,0.0269662922177348,0.00240184767916666,0.036227081916587,0.0107192254845971,0.00174188445926603,-0.0407009611061014,-0.03913816958606,0.0355562966780448
-0.0452229302366342,-0.0838226361481184,-0.0119801498707862,-0.0590800539260599,-0.0601883758613318,-0.0308919802871401,-0.00368521160974721,-0.0477888731298275,-0.0241686352862057,-0.042424242426333,-0.0458260874842281,-0.0483248609211233,-0.0325101594070042,-0.0376002214872831,-0.0769558729579524,-0.129319192923865,0.013436610789541,-0.0524454922132496,-0.0623328532235738,0.00105097244599419
0.00266844530672036,0.0133701658089314,0.0153022187464318,0.0286912380885317,0.0254216571624001,0.00738864259263242,0.0161078630055767,0.0114232210390475,0.0139664805745297,0.0314790140633942,0.0186822202509426,0.0201441628679268,0.0319870756670626,0.0107248875619824,0.0812933025757679,0.109233791953602,0.0246451411362857,0.0429104479515327,0.0315928038473661,0.0036745406544775
0.0279441119137695,0.0274779194803631,0.0230380019534523,0.0167346063499948,0.0240762815344285,0.0168692372099161,0.0205495538712464,0.00777633767499393,0.0152433423597447,0.0100113029762723,0.019770978303883,0.024162513299327,-0.00907952402170029,-0.00464234964973438,-0.00459205473669276,0.00106269939287904,0.03151164561145,0.0187835418316628,0.0178647382407081,-0.0141213391839164
-0.00582524220304608,-0.0249389790714098,-0.0134694307028383,-0.0160371386502765,-0.019087523370513,-0.0268933539071629,-0.0116212174175453,-0.00312327754778853,-0.0104920403936146,0.00543565155469187,-0.0408807791277406,-0.0017247753295807,-0.0101105844335608,-0.00513991999281118,-0.0040768158118047,0.0120311392172781,-0.0209563163528798,-0.00877963099748036,-0.0188048474668409,0.0259946953083158
-0.00976562515090912,-0.046038310846462,0.00533333333892654,-0.000536135599174447,0.0211200758555554,0.0252011858868912,0.0401629802484479,-0.0641356432720415,-0.0369287020390264,-0.0504080652977937,0.0245129423973073,-0.0182031346992155,0.042132141845988,0.00401836960255134,-0.00786383706482366,-0.0332167832964239,0.0119083508222665,9.62198853587565e-05,0.00759768292878651,0.0713547049536557
-0.0124917815569684,-0.0352974190967259,0.0098673740748939,-0.018452955613192,-0.0116197999811245,0.00485436890926354,-0.0288752099283089,-0.062426151983588,-0.0197418374676907,-0.0574654533039522,-0.053745200623516,-0.0123813708427683,0.00459418071791611,-0.00857632927740119,-0.0106406080598388,-0.0379746834570183,0.0293460450329,0.0119760477658977,0.0382686601907132,0.0757722011247758
-0.00732356905337629,0.0208681134282759,-0.00483294809000043,-0.0210952017595349,0.0183399951989327,0.0127454003963989,0.0200530137509523,0.0212140307258185,0.0313710302388226,0.0134096191594986,0.0659496175362576,-0.00808196555270329,-0.0106707319630626,-0.0176855055462137,-0.00252414400442327,-0.00300751865327803,0.018379160640034,-0.0127218933544718,-0.0175036464543397,0.083445491131697
-0.00317951932229133,-0.0658801540942712,-0.0396959460148805,0.0321572130780235,-0.0494112214577103,-0.0482086674755563,-0.0398824991138616,-0.0341452221724779,-0.025159594450276,-0.0405786874216644,0.0369976988809131,-0.016423943200538,-0.0369799689603688,-0.0201565557720019,-0.0381780173604957,0.00301659110730256,-0.0154895553139149,-0.0134851662906868,-0.0305408272703554,0.0414078674218134
0.0781781102425683,0.0405151931947395,0.121591908507206,0.016767633065872,0.00680106880590409,0.0312433355342611,0.0276535655412925,0.0466453675215671,0.0556504631283869,0.0645457888381413,0.0190853717648185,0.0294175203858193,0.0707073275921968,0.00958657875048501,0.0545641729035629,0.0511278194949794,-0.0362297920420513,0.0592345077805436,0.0791949246746171,-0.0437375743980081
0.0277427487472269,0.0230741496615311,0.0210742996561316,0.0176614533999409,0.0130277443025449,0.0250232653956864,-0.0174052444770175,0.0419210418069909,0.0161616162331469,0.0307479703940364,0.0685277055579366,0.0234813678156103,0.0443171541337212,-0.0146389712873698,0.0204371585241308,0.0622317597168115,-0.032948929241362,-0.00602236878712638,-0.000405432748108368,0.0303534300610575
0.00613496958340914,-0.00810525070058172,0.00364788283665072,-0.0152639833016385,-0.000476303979518849,-0.000706143414516859,-0.0175970166138699,0.0113281249762619,-0.00903668896983193,0.00217864913546242,0.0190037767579153,0.0202618454584536,-0.00230946903907696,0.013451114235656,-0.0369497696712799,-0.034587995803114,-0.00265957442193935,-0.0167339871630286,-0.00689515313715563,0.0322841001936442
-0.00365853673843535,-0.0182378021002895,-0.00449545629415676,0.0589743015535016,0.0316893018665251,-0.000807591382843903,-0.00438908666989987,0.0123599846816912,-0.000729527616087576,0.0247491639120521,-0.00799258630957745,-0.0104491288206317,-0.00694444446425458,0.0224416516414436,-0.0153469751849634,-0.0214260625414168,-0.00956862741623337,0.0140845070137049,0.00980191943081094,0.0293197810296963
-0.0250917996075372,-0.0342581423133804,-0.00249807862937391,-0.0178968654870158,-0.0411085448780637,-0.0218529587467028,-0.0159656856182865,0.01220908043621,-0.00365030107587963,-0.00636422964282458,-0.0144792151457201,-0.0212424358593776,-0.0101981350811402,-0.0234123499980127,-0.0328665009569732,-0.0387652549868508,-0.0500475134183528,-0.0312500002706703,-0.023458038363156,-0.115077857707216
0.016949152529999,-0.0103672245692862,0.0252359852160185,-0.00803047463633487,-0.0309578155532681,-0.0192367681724788,-0.00233263264027974,0.00904636265578325,0.0137387800145454,0.00180653631954156,-0.0237756718281565,-0.0266246052451965,0.000883132137573032,-0.00899011083133897,-0.0205535443638151,-0.0373412992405246,0.0143381126690116,-0.0215053763071098,0.0113895216876525,-0.0418193718918322
0.0172839506314645,0.0247381042154436,0.0186959787998054,0.00726517904243274,0.0185417188679287,0.0108142492943094,0.0163614163077819,-0.0104594695458721,0.0121069749146688,0.0122950819607153,0.0186908332472626,0.0557428048890737,0.0073529411835776,0.0321540166897357,0.00798855371034651,0.0155159037808238,0.0103550296068912,0.0143467644387001,0.0147420146873899,0.029147981771575
-0.0303398056984919,-0.0187215173197381,-0.0272064922301518,-0.000927357068336871,-0.0140221401892957,0.00639815402070262,-0.0227054300055741,-0.0373725935767939,-0.0337439742852301,-0.0356275304501854,-0.0210484514186197,-0.0152259333614955,0.00817518245121607,-0.0201171875349883,-0.011355571245916,-0.0106951873526794,-0.0271677242385616,-0.0144447787876331,-0.0201775626754887,-0.0313725488033061
0.00311891127099776,0.00714451226928686,0.0049198439897108,-0.0116642903368445,0.0149600599167104,-0.00271974459520733,-0.00763138914858518,0.0168527452719065,0.0046093643821553,0.0230597427029285,0.0167851321083413,0.000301721108922033,-0.00435404846730208,-0.00698628057416009,0.00860450098143886,0.0451637451740587,0.019220769319051,0.0115930535305412,0.0187297034823324,0.00493826787480307
-1e-05,0.029401764697791,0.00895226407357257,0.0205472367552355,0.0049064206796243,0.00531971048907148,-0.00100095751149535,0.0109811298488014,-0.000929624674883308,0.0194876866863992,0.0141936380949159,0.0150102553873976,0.0308218789477048,0.0242774347814393,0.0149366192494196,0.0779360656198156,-0.00148662026075778,0.00336239398076962,0.0060746479118289,-0.000457627388194585
-0.0168534185733976,0.0165905118847685,-0.00244104276690864,-0.0298668507552813,-0.0141978670082247,-0.00406405412649236,-0.0343559391520891,0.0121967519893569,-0.00498054491760359,0.0184664991658491,-0.018499378454179,-0.0134571328732641,-0.0112966818488408,-0.0243094317192728,0.01600215525504,0.0459118645154179,0.00130449232888325,-0.00794408613295085,-0.00651142204155141,0.0555206763062397
0.000624517793186747,0.0158401440407035,0.0266091770476547,0.0406729680313974,0.0146301987069659,-0.00668988726736398,0.0251569233702156,-0.00321331654428287,0.0120159017982374,-0.0038292234018634,0.0443186580020501,0.0566900687521869,0.00655392697213322,0.0150532656370808,0.000450140323611775,-0.00623542589961187,0.0255889497977342,0.046129649343068,0.0230983843190512,0.0598118074734088
0.01192350706985,0.0327423167820559,0.00903861959044753,-0.00951995141552117,0.000489117100534343,0.00409793009344527,-0.0155310620382963,0.0162570890142807,0.00895795258409879,0.0161341853351125,-0.0102087813403571,0.0229120037696222,-0.0337397219396978,-0.00939849617440963,0.0216166494065126,0.0145070884994454,-0.013439999911057,0.0120552779028234,0.0075954428117997,0.0604483583224493
-0.00885515499701807,-0.000686734495162313,-0.00370973570427565,0.00439672802708899,0.00171107306943776,0.0103599832426985,0.00541416186239093,0.00577875579484387,0.022517045949089,0.0295551013896537,-0.00620552747584437,0.00190076471036091,0.0065929046519071,0.0133826025823154,0.00157568929842351,-0.0474488138144251,-0.00940642237155286,-0.0212085995578654,-0.00535608014554535,-0.016987542303905
-0.0121250795515994,0.0128278547017053,0.00172554791743497,-0.00193423596617639,0.0131771594908114,0.0172967373828144,0.00904113071226373,0.00407256569390167,-0.00945584301667098,0.00595510765510019,0.00901112689431897,0.00335881423221301,-0.000881834252055546,0.00817975760936806,-0.0101719868393486,-0.0556124188674079,0.00638506880969587,0.0189967346567946,-0.00698045480316856,0.0633640554514231
-0.0135658918911829,0.0022616759208387,-0.000362647430788261,0.0096899224273499,-0.00746628130794632,-0.019955202543497,-0.0426552245632688,0.0134587021112056,0.00864553319928359,0.00895567697528095,0.0292770052598665,-0.00600253916508725,0.0085319209778231,-0.00203162651663446,-0.00950200341094648,0.0225028837802916,0.00522137990689879,0.0110690358136018,-0.00361518377396324,-0.0245576020688818
-0.00654878796022945,-0.0373462710246968,0.000997641523090588,-0.0223744374031892,-0.0060664885785943,0.00176605026911629,-0.020959662557718,-0.0161906495589217,-0.000714285799085295,-0.0103806228957171,-0.017051455959939,-0.0149227737800843,0.013710618484662,-0.0119388257999596,-0.0152565881010741,-0.0320398715547654,0.0114491331775223,-0.00489772389757707,-0.00342672833693459,0.00851536451983794
-0.0257086357125664,0.00855602440569568,-0.000634229797451938,-0.00406546439851338,-0.0209960937577601,-0.0279382535081881,-0.016291907886339,0.0399408284958137,0.0116154396820584,0.024931590163586,-0.0125115141097664,-0.0132625992503371,-0.0189928056151471,-0.01547833028723,-0.0107981220437126,-0.00882677485204354,-0.0522315652262377,0.000868558252667842,-0.0447006473428801,-0.0488252567932496
0.0304465493325226,0.0209180709367678,-0.00317316431568496,-0.0050240736917755,0.00470942340057984,0.00741536811186586,-0.00862304961499287,0.0154694168656125,0.00847906716906034,0.0123108869436463,-0.0115040806829618,-0.00244922312208042,0.00352009369782532,-0.00243432400100577,-0.0030849550046562,-0.0170686454880194,-0.0182562703863955,0.00231414526095168,0.000423459743028383,-0.0901536390456339
-0.00787918595406803,-0.003756403071825,0.0242837651103207,0.0107300651632195,0.011011010899413,0.0119479411669495,0.00427999451080871,-0.0154088601878791,-0.000700647994332934,-0.00249084243703483,-0.00448218909503493,0,-0.000876936605105689,0.0153533299050813,0.014163294568844,-0.0215175535988683,0.0251998610278159,0.00981240960746514,0.00444444444650575,0.0467091294907003
0.0191925877079344,-0.00799817172624983,0.0210442198764275,0.012593671924169,-0.00990098995132632,0.000527092476459201,-0.00852350830569396,0.00195625110073404,0.00683610868697806,0.0127790833943158,0.00118483392288876,-0.00916222562132992,-0.00760678738530832,-0.00220308425042026,-0.0158432109205897,0.0706018516006216,-0.0150873030321469,0.0322949415643292,0.00337125993302739,-0.0332657201190961
-0.034415583956475,-0.028104123480418,0.00555772435507357,-0.011511974485786,-0.0127500001576465,-0.00263407431881319,-0.00360510263447277,-0.0172168974629527,-0.0121866295688497,-0.0144097920471397,-0.00244575928531752,-0.00223618985870124,-0.0162146225727738,-0.0120433561386696,-0.00858573815142301,-0.0727927928879502,0.0179001721485831,-0.0107973423004764,-0.00881982360826335,-0.00671422573234972
-0.0262273035469066,-0.0264280636316563,0.0127859444732365,0.0153894145863689,0.02279058009893,0.0094020704982129,0.0175340940587195,-0.0146288603815013,-0.0116320055994618,-0.00696090056224472,-0.0249920913471068,0.0112665815340926,0.0296673658347848,0.0110727346450669,-0.011065672337357,-0.0493587251886292,0.0282380791654782,-0.0171254224978765,0.00752032232659841,-0.0485847064559424
0.0145027620841879,0.021600538625099,0.0207832360001598,-0.00153609835987774,0.0212923990001815,0.0128728415209446,0.00369256020358356,0.0767961878457093,0.033166904428069,0.0322147652497225,0.0514276446879668,0.0333033843239307,0.0206635623031624,0.00552597211299905,0.0047433714515226,-0.0363859358963209,0.00805788531585336,0.0103896104139543,0.0125531914734779,-0.0812611011787089
-0.0204220557871824,-0.0848965849024823,0.000420663222386248,-0.0143589742752338,-0.0196363636809487,-0.00619962806146386,-0.0246627606386928,-0.00085106390439119,-0.00276147734695051,-0.00433463376842077,-0.0395000767561807,-0.0739667261976949,-0.0230966638517939,-0.00929256598068308,-0.0323205423686085,-0.0916419177254264,-0.0065252854780592,-0.0205655527469204,-0.032569867678826,-0.13968100522772
0.0407402685435667,0.0332457292939585,0.00916659631099507,0.0391259104594624,0.0158259150183518,0.00176751925154213,0.00558815315866633,-0.00324287324417885,0.00155763225781063,-0.00551443908860696,-0.0257028119226778,0.0140219092003069,0.0525394045328685,0.0106908724093501,-0.0091318488133039,-0.0186828587918265,0.044170771748688,0.0131233595294798,0.016290182526371,-0.0353932586721826
-0.00203292651019398,-0.0170518414982923,-0.0887600003151396,-0.00942317841140448,0.0167864945754103,0.0285317747112693,-0.00355354851301033,-0.00941814223618463,-0.000462235171601876,-0.00701423185797573,-0.0433590391774636,-0.034456444327311,-0.0165081870364991,-0.0135814998585812,-0.0300567113766361,-0.124236558664242,0.0245221590130744,-0.015266188608532,-0.00919999798848101,-0.0599983519266551
-0.00136135084401107,0.0155159412752231,-0.0200374350660856,0.00352821270323318,-0.0124591261353422,0.00130180631313278,0.0158496491179263,-0.00553581605849513,-0.00244605371867528,-0.00236121233742897,0.00379886391571552,0.00405137137875073,0.00368423119611529,-0.000414653503010225,0.0295122686271386,-0.0543578261609525,0.0332977513270813,-0.00468699500457046,0.0243644608014248,0.0749590214967418
-0.0622562792846803,-0.0444742630196517,-0.0776509103558972,-0.021567368820017,-0.041706969749776,-0.0300412406031243,-0.0806952722317508,-0.0692928615026836,-0.0586180586517645,-0.0632004551406471,-0.0879713657545037,-0.0443117654368481,-0.0504063757973927,-0.0253110828636403,-0.0795148493849752,-0.0850512496662916,-0.00916527889697941,-0.0196869458660432,-0.0292793198295862,0.0455231408322963
-0.00866800870077188,0.0126566666071789,0.0368171954276065,-0.000318864374489595,-0.00203377921446723,-0.0282697401968054,-0.0240556866752161,-0.00598014921091729,-0.00797738924950557,0.008323333404207,0.0711889405568625,-0.00585481054731752,-0.0262473286012378,-0.00409120555290587,0.0407497394182229,0.0584769677366866,-0.037248873861354,-0.00270622520711303,-0.000660759353665178,-0.0534829877580474
-0.0131004359161124,-0.0375246872630585,-0.0147345823440998,-0.0145454545714653,-0.0235741446480736,-0.0204588420490941,-0.016168771206307,-0.0504879880986959,-0.0420246543814378,-0.0410104476091251,-0.035484155256203,-0.0289228273808623,-0.0394978567196984,-0.0405589996953963,-0.034767550411181,-0.0174174174553648,-0.0430817610108116,-0.0219285072121638,-0.0271326241622098,-0.0856144438230574
0.0110619469491926,-0.00642954861480406,0.0347628010245144,0.026989984142007,-0.00155763231955906,0.00769907613140253,0.0118954453306882,0.010081043720608,0.0259309805763071,0.0172357725045495,0.0452091150754129,0.02553931824853,0.0510041439140805,0.0177417588573315,0.00317416506953207,-0.0776283615738105,0.0251396648775616,0.00491400488780861,0.0203034358967601,0.0360151976057874
0.0415754916821544,-0.0106016796536801,-0.0156967843267462,-0.00369571910424918,0.0222921582774822,0.0156079458865098,-0.0202629543968909,-0.0158512720718293,-0.0300266057510712,-0.0258951406962886,-0.00665440876122672,-0.0194069348233329,-0.00363967228698654,0.00494996236207884,-0.000137570466527647,0.0497017890293427,0.0426350376767419,-0.00519559875914642,-0.025366280300482,0.0455665022493513
-0.0525210078561612,-0.0957417199857588,-0.0246985607891954,0.00556414216286391,0.0164186763999616,0.00451370229968222,0.00694663722474649,0.00517001407376697,0.00862068956129957,0.00869707899326228,0.0111062140471123,0.00629714193073302,-0.0292237444564519,-0.0255916050698072,0.00756741880082394,-0.00568181810412886,0.0186010760300349,-0.00675883282867588,-0.00785281588091218,-0.0229681976160629
0.0339985216656597,0.0110803323873152,0.0269192422404483,0.0225432934588377,0.0194346288663195,0.0073820476657415,0.0188146753428357,-0.013254203871936,-0.00427350422736668,-0.00357898158563983,-0.0377473631857461,-0.00577637147973573,0.0373157731714968,0.0321978021734958,0.0361873548883427,0.0577777777835984,0.00573498340044793,0.00958861757051302,-0.0312075982175955,0.0289330917904478
0.0700500355008064,0.085235920771697,0.0248543689677332,0.0297625012396753,0.0403565238313642,0.0563933730420342,0.0263157894693962,0.030072173322834,0.0171673819966211,0.0184180234549596,0.0157637260563558,0.054018536058917,0.00483675928966089,0.015330565288419,0.0445440168822622,0.175870348264852,-0.0181572628425758,0.0297268324274091,0.0440941713816548,0.108963093185387
0.0207080826729767,-0.0227208976094782,0.0253884050389601,0.0200467107697673,0,0.00231225486459916,-0.116959064328414,0.0254963018852266,0.0141925585844225,0.00807363145471878,-0.00963253643995858,-0.0131242205613644,0.0351985561158916,0.0300933207162997,0.0406257885720295,-0.0158244004527751,0.0243007793953985,0.0208207605405772,0.0122282608468674,0.00316957219486296
0.0255235603301259,0.0408933867583298,0.0448078342967949,0.0741270753165964,0.018324607484039,0.0273821464818007,-0.0100186787756105,0.0180299867153743,0.0353630861488902,0.0230658337662022,0.0724063400222282,-0.0379679502623514,-0.0104620751925928,0.0210708469581474,0.00606207567341726,-0.0508298752428799,0.000298418500963491,-0.00266036065715005,0.0326621923072656,0.0294892049432471
-0.0454118189205045,0.017282229966199,0.00574763450627662,-0.00301980701731692,-0.0102827763989662,-0.00234306353529328,-0.018181818280883,-0.0078384893506334,-0.0111415526121446,0.0059495849746701,0.00352704059773526,-0.0317943045175242,-0.00675477241910582,0.00717774901860577,-0.00289226317346263,0.00437158451344005,-0.0192422435246446,-0.00681683455054439,0.0155979202499997,-0.00460358042999419
-0.019591364140019,0.0116354308840041,0.0169585246007903,0.00943320735879085,-0.00921897287281796,-0.0241806625274462,0.0268942627734852,0.050770515206842,0.0386624368859908,0.0655152918902171,0.0174008951853581,-0.00379355221675209,0.0114707119823777,0.00879926456172869,0.0208988710979263,-0.00490662670106166,-0.0578046768215158,-0.0104546434727286,-0.0234741637567533,-0.0986739260868738
-0.0413323143389173,-0.0570251679830879,-0.00718558602017207,-0.029486656511656,-0.0138326882379481,-0.016857172042237,-0.0401597108550572,-0.0483364720576266,-0.0229285319160175,-0.0423705024243828,-0.0720403983006728,-0.0470262750151883,-0.0194618124156804,-0.0200256985784654,-0.0671852728356138,-0.0628858884741237,-0.000655681910379467,-0.0256432932342028,-0.0338675798761111,-0.00229050196449122
0.0488405753399325,0.0216760548265532,0.045531623612919,0.0358179525700404,0.025364577066706,0.0210018319116649,0.0646833713126305,0.0297060051594477,0.0228963588409227,0.0301913423233802,0.0619447809986294,0.0512233965075604,-0.0327722481536847,0.0335302482551592,0.0216289243815198,0.019169749469523,0.0332013466360085,0.0417727299487554,0.0262165431616383,0.0102757145686968
-0.00480452051561872,0.00111454322749017,-0.0411526672853458,0.0106124216613828,0.0247366415047026,0.00638360633800605,-0.00300650411484384,-0.00987301367608228,-0.00771333215380403,-0.00548823514455898,-0.0124995227950608,-0.000298808658137729,0.0189458729261602,-0.001083380148452,0.0180373744062249,0.00113810538576069,-0.0173848223182585,-0.00268379682214256,-0.00353500552790426,-0.0164127149027215
-0.0227416318426898,-0.0174408396530525,-0.00776039128414965,0.017215907298336,0.00321449608670961,0.0102306463917949,0.0044949766180541,0.0162031672888168,0.00502506416316554,0.0106890710284087,0.0103256575141129,0.0141979361425517,0.000274971119433765,0.0056357223775727,-0.0292064126029402,-0.0757180729265025,-0.000994475125165197,0.0160557910698991,0.0105824254420605,0.176508240426812
-0.0394666194807774,-0.0650485767632918,-0.048239348126615,-0.00106270264134152,-0.0235920236838862,-0.0324859667306714,-0.00505849476901887,-0.0722754165980176,-0.0424226711277153,-0.0562974915198849,-0.0491772740221853,-0.041758975534332,-0.0225909755449625,-0.0123660854511662,-0.0573467639844649,-0.110451836726985,-0.0215907401726309,-0.027587901041212,-0.0195005754619759,-0.0638422920463441
0.0117002050867289,-0.00492072289990449,-0.00299186533436411,0.00496655439654591,0.00541121141008847,0.00119724481483372,-0.00862164421572869,0.00192656426125786,0.00897393915247877,0.00512061646527173,-0.0632037050938623,0.00242225587475539,-0.0022134061026152,0.00262538936188456,0.0395180226029542,-0.130434462719352,0.0407527661272498,0.0129335213288106,0.0164804865744748,-0.0742589598753349
0.0369265222160353,0.0655513239115044,-0.0172969888922497,0.0163423643077678,0.0244405881658926,0.026936292221433,0.0336148597930741,0.0292611540939633,0.0191185405988836,0.0341314906395602,0.0188325854822834,0.0248032094424224,0.0196636541682312,0.0173314516993993,0.0264969151571892,0.117050994650426,0.0230384151785385,0.0315176190053676,0.0252114398388713,0.0468361777721493
-0.0154038646682244,-0.0204969933468426,-0.00739822263589354,-0.0036565497318945,-0.0133510841921035,-0.00619669987430183,0.00769645084890302,-0.01824286287905,-0.00842109806596478,-0.00858855862343894,-0.0256710252479582,-0.00458696212071917,-0.010453053196621,-0.009671342040592,-0.0174256889010152,-0.0962252625623803,-0.00744312743705614,-0.00724292557428117,-0.0105202592039909,-0.0296955880128085
